nx,ny,dofs_t3,disp_t3,dofs_t6,disp_t6,dofs_q4,disp_q4,dofs_q8,disp_q8,dofs_q9,disp_q9
200,25,10452,-0.014671847430298004,40902,-0.014784752727047675,10452,-0.01475161258292743,30902,-0.01479249919211392,40902,-0.01479249919211392
166,25,8684,-0.014659651063721937,33966,-0.014781477155606551,8684,-0.014745233221174818,25666,-0.014789985929825646,33966,-0.014789985929825646
138,25,7228,-0.014643106185379484,28254,-0.014777692278414134,7228,-0.014737000628954397,21354,-0.01478692151172559,28254,-0.01478692151172559
115,25,6032,-0.01462079969310828,23562,-0.014773422927210586,6032,-0.014726478159394839,17812,-0.014783185002289412,23562,-0.014783185002289412
96,25,5044,-0.014590598741632441,19686,-0.014768700149819038,5044,-0.014712970182982423,14886,-0.014778784133455009,19686,-0.014778784133455009
80,25,4212,-0.014548684955731903,16422,-0.014763494854132033,4212,-0.014695138471533241,12422,-0.014773750328803657,16422,-0.014773750328803657
66,25,3484,-0.01448688159238781,13566,-0.014757614128420584,3484,-0.014670000801379483,10266,-0.014767967472688045,13566,-0.014767967472688045
55,25,2912,-0.014404732816584448,11322,-0.014751755756462747,2912,-0.014637751862766264,8572,-0.014762179772518765,11322,-0.014762179772518765
46,25,2444,-0.014292913362200158,9486,-0.014745811617905549,2444,-0.014594897815103482,7186,-0.014756308167070572,9486,-0.014756308167070572
38,25,2028,-0.014125505847725274,7854,-0.014739289000119735,2028,-0.014531603908083205,5954,-0.014749873264756758,7854,-0.014749873264756758
32,25,1716,-0.01391710098061799,6630,-0.014733305269771103,1716,-0.014452971792863025,5030,-0.014743977831425337,6630,-0.014743977831425337
26,25,1404,-0.013565566108365278,5406,-0.014725947241575903,1404,-0.014318839382766891,4106,-0.014736741257085496,5406,-0.014736741257085496
22,25,1196,-0.013179061618383937,4590,-0.01471992410162075,1196,-0.014167673222741775,3490,-0.014730834778706528,4590,-0.014730834778706528
18,25,988,-0.012559380175849271,3774,-0.014712540839765748,988,-0.01391492869440039,2874,-0.014723632625377528,3774,-0.014723632625377528
15,25,832,-0.011821981617108991,3162,-0.014705632479924569,832,-0.013594519610434074,2412,-0.014716961970709215,3162,-0.014716961970709215
12,25,676,-0.01067232050366545,2550,-0.014696721821666935,676,-0.013044450057866103,1950,-0.014708544977221414,2550,-0.014708544977221414
10,25,572,-0.009542238811430091,2142,-0.014688734364922362,572,-0.012431666150548904,1642,-0.014701306903980273,2142,-0.014701306903980273
8,25,468,-0.007991868158599712,1734,-0.01467717088992963,468,-0.0114440397491749,1334,-0.01469156248160173,1734,-0.01469156248160173
7,25,416,-0.007026381153272683,1530,-0.014668501295868394,416,-0.010720630609513407,1180,-0.014684859711944775,1530,-0.014684859711944775
6,25,364,-0.005929485496055595,1326,-0.014655569388185288,364,-0.009769717393461205,1026,-0.014675631310308015,1326,-0.014675631310308015
5,25,312,-0.004719489390595513,1122,-0.014633332611260336,312,-0.00851741128940322,872,-0.014661022178818782,1122,-0.014661022178818782
4,25,260,-0.003446647433619213,918,-0.014587317766730048,260,-0.00689188927196772,718,-0.01463232223712201,918,-0.01463232223712201
3,25,208,-0.002205105084788805,714,-0.014467603508609636,208,-0.004880429676582938,564,-0.014555696969558258,714,-0.014555696969558258
2,25,156,-0.0011344946196104246,510,-0.01404680756193157,156,-0.002662118118871052,410,-0.01424619074961717,510,-0.01424619074961717
1,25,104,-0.00039810286984343817,306,-0.011418720517002538,104,-0.0007712887835021479,256,-0.01184590790993062,306,-0.01184590790993062
200,19,8040,-0.014632344059091022,31278,-0.014778881334894743,8040,-0.014745510142434052,23678,-0.014785848680020903,31278,-0.014785848680020903
166,19,6680,-0.014621036019725952,25974,-0.014776330466396516,6680,-0.014740002655702472,19666,-0.014783762200255212,25974,-0.014783762200255212
138,19,5560,-0.014605392658899992,21606,-0.014773327265332746,5560,-0.01473263909312745,16362,-0.014781461202545927,21606,-0.014781461202545927
115,19,4640,-0.014583952249324095,18018,-0.014769854408591842,4640,-0.01472292827229011,13648,-0.014778740971992622,18018,-0.014778740971992622
96,19,3880,-0.01455455794629189,15054,-0.01476589123843021,3880,-0.01471014002622513,11406,-0.014775407236185428,15054,-0.014775407236185428
80,19,3240,-0.014513401719357793,12558,-0.014761370589681739,3240,-0.014692926804822825,9518,-0.01477131664550838,12558,-0.01477131664550838
66,19,2680,-0.014452356954076902,10374,-0.014756086352682597,2680,-0.014668316886283131,7866,-0.01476628364614867,10374,-0.01476628364614867
55,19,2240,-0.014370930392015245,8658,-0.014750666317986959,2240,-0.01463645700333828,6568,-0.014760987203740352,8658,-0.014760987203740352
46,19,1880,-0.01425987723897851,7254,-0.014745043499424789,1880,-0.014593893719843883,5506,-0.014755445017008368,7254,-0.014755445017008368
38,19,1560,-0.014093428702871752,6006,-0.014738768119013364,1560,-0.01453083035744099,4562,-0.014749253698081687,6006,-0.014749253698081687
32,19,1320,-0.01388608680668761,5070,-0.014732941887146892,1320,-0.014452350564753134,3854,-0.014743515710434285,5070,-0.014743515710434285
26,19,1080,-0.013536204506926367,4134,-0.014725715139839233,1080,-0.014318351014463026,3146,-0.014736417861131655,4134,-0.014736417861131655
22,19,920,-0.013151411195960916,3510,-0.014719764360068152,920,-0.014167262490849162,2674,-0.014730593523974532,3510,-0.014730593523974532
18,19,760,-0.012534325451916385,2886,-0.014712441301625898,760,-0.013914587761247705,2202,-0.014723464223641878,2886,-0.014723464223641878
15,19,640,-0.011799825273781957,2418,-0.01470557050722115,640,-0.013594227456368181,1848,-0.014716841015784453,2418,-0.014716841015784453
12,19,520,-0.010654310591715241,1950,-0.014696692054274858,520,-0.013044206592605438,1494,-0.014708464114012975,1950,-0.014708464114012975
10,19,440,-0.009527878730992482,1638,-0.01468872453343997,440,-0.01243145787815906,1258,-0.014701247902283002,1638,-0.014701247902283002
8,19,360,-0.00798183772498651,1326,-0.014677181935269675,360,-0.011443872358104228,1022,-0.01469152050938553,1326,-0.01469152050938553
7,19,320,-0.007018652634139611,1170,-0.014668523834650957,320,-0.01072048709365197,904,-0.01468482389213724,1170,-0.01468482389213724
6,19,280,-0.0059240055826192085,1014,-0.014655604130455531,280,-0.00976960061783439,786,-0.014675599339496827,1014,-0.014675599339496827
5,19,240,-0.004716038091095018,858,-0.014633379324585322,240,-0.008517324037495227,668,-0.014660990483744904,858,-0.014660990483744904
4,19,200,-0.00344481942845147,702,-0.01458737313291834,200,-0.006891832551650922,550,-0.01463228334649904,702,-0.01463228334649904
3,19,160,-0.002204357906843112,546,-0.01446765645846388,160,-0.004880401179758511,432,-0.014555634441695588,546,-0.014555634441695588
2,19,120,-0.001134285153208026,390,-0.014046833675018277,120,-0.002662108704364948,314,-0.01424605902879952,390,-0.01424605902879952
1,19,80,-0.0003980610503436982,234,-0.011418705244525292,80,-0.0007712874162146869,196,-0.011845759961650187,234,-0.011845759961650187
200,15,6432,-0.014578475375658333,24862,-0.01477307300253545,6432,-0.014739172973219854,18862,-0.014779934281480582,24862,-0.014779934281480582
166,15,5344,-0.014567881433497548,20646,-0.01477105752125558,5344,-0.01473434057745998,15666,-0.014777955759669156,20646,-0.014777955759669156
138,15,4448,-0.014553033617184257,17174,-0.01476864905957887,4448,-0.014727709441054886,13034,-0.014775921101886292,17174,-0.014775921101886292
115,15,3712,-0.014532434492745328,14322,-0.014765822934215132,3712,-0.01471874271508262,10872,-0.014773736285162242,14322,-0.014773736285162242
96,15,3104,-0.01450389912224162,11966,-0.014762536793608354,3104,-0.014706668852415616,9086,-0.01477119952608814,11966,-0.01477119952608814
80,15,2592,-0.014463618783740256,9982,-0.01475869419320327,2592,-0.014690115721906195,7582,-0.014768043629925915,9982,-0.014768043629925915
66,15,2144,-0.01440351455661908,8246,-0.01475406557230209,2144,-0.014666107140070415,6266,-0.014763931718943963,8246,-0.014763931718943963
55,15,1792,-0.01432303145493983,6882,-0.01474917197609731,1792,-0.014634715745188485,5232,-0.014759322947267268,6882,-0.014759322947267268
46,15,1504,-0.014213014133885944,5766,-0.014743961210391263,1504,-0.014592518054296082,4386,-0.014754263107062347,5766,-0.014754263107062347
38,15,1248,-0.014047890350603824,4774,-0.014738018254395233,1248,-0.014529754828791982,3634,-0.014748422301598889,4774,-0.014748422301598889
32,15,1056,-0.013842035138212713,4030,-0.014732410503691507,1056,-0.014451478677096296,3070,-0.014742900913699827,4030,-0.014742900913699827
26,15,864,-0.013494480762366942,3286,-0.014725369552346495,864,-0.014317660420530462,2506,-0.014735986546449883,3286,-0.014735986546449883
22,15,736,-0.01311210736688884,2790,-0.014719522449489647,736,-0.01416667946416308,2130,-0.01473026899468369,2790,-0.01473026899468369
18,15,608,-0.012498700602157195,2294,-0.014712286129977636,608,-0.013914102475972492,1754,-0.014723234672628035,2294,-0.014723234672628035
15,15,512,-0.011768314454986946,1922,-0.014705469329152385,512,-0.01359381102028513,1472,-0.014716674188289616,1922,-0.014716674188289616
12,15,416,-0.010628691852233101,1550,-0.014696636262154339,416,-0.013043859251743976,1190,-0.014708351208809502,1550,-0.014708351208809502
10,15,352,-0.009507451095117195,1302,-0.0146886955274169,352,-0.012431160635997522,1002,-0.014701164898877715,1302,-0.014701164898877715
8,15,288,-0.007967573016902872,1054,-0.014677178904902971,288,-0.011443633409654737,814,-0.014691461069993693,1054,-0.014691461069993693
7,15,256,-0.007007666592891907,930,-0.014668534040021679,256,-0.010720282212019734,720,-0.014684773033746587,930,-0.014684773033746587
6,15,224,-0.00591622354527567,806,-0.01465562753455725,224,-0.009769433900968644,626,-0.01467555382260438,806,-0.01467555382260438
5,15,192,-0.004711147356316023,682,-0.014633414548996332,192,-0.008517199462580555,532,-0.014660945313984864,682,-0.014660945313984864
4,15,160,-0.003442241986071479,558,-0.014587414840220227,160,-0.006891751563197377,438,-0.014632227896758259,558,-0.014632227896758259
3,15,128,-0.0022033185869493226,434,-0.014467689763178056,128,-0.004880360486212451,344,-0.01455554522269803,434,-0.01455554522269803
2,15,96,-0.001134006514346508,310,-0.014046828611596325,96,-0.0026620952570777607,250,-0.014245870931109662,310,-0.014245870931109662
1,15,64,-0.00039801223184600333,186,-0.011418653677612944,64,-0.0007712854614374147,156,-0.011845548606839328,186,-0.011845548606839328
200,12,5226,-0.014501239459529325,20050,-0.014767043599380523,5226,-0.014732339642146467,15250,-0.01477424016392619,20050,-0.01477424016392619
166,12,4342,-0.014491244223883632,16650,-0.014765465874227683,4342,-0.014728034426465154,12666,-0.014772356192987775,16650,-0.014772356192987775
138,12,3614,-0.014477115723313817,13850,-0.014763544720148037,3614,-0.014722016781293173,10538,-0.014770406468121392,13850,-0.014770406468121392
115,12,3016,-0.014457344592020974,11550,-0.014761257383787712,3016,-0.0147137216763215,8790,-0.014768418704720366,11550,-0.014768418704720366
96,12,2522,-0.014429733077124756,9650,-0.014758562357749982,2522,-0.014702343169714546,7346,-0.014766309414021173,9650,-0.014766309414021173
80,12,2106,-0.014390480053015462,8050,-0.014755359076704215,2106,-0.014686481446406633,6130,-0.014763854423380782,8050,-0.014763854423380782
66,12,1742,-0.014331569177868686,6650,-0.014751411389027429,1742,-0.01466314845322288,5066,-0.014760660875291999,6650,-0.014760660875291999
55,12,1456,-0.01425235820679091,5550,-0.014747120509222517,1456,-0.0146323172310708,4230,-0.014756904902502947,5550,-0.014756904902502947
46,12,1222,-0.01414379396736102,4650,-0.014742422067417185,1222,-0.014590579646100475,3546,-0.014752531745039679,4650,-0.014752531745039679
38,12,1014,-0.013980573986471248,3850,-0.0147369208594988,1014,-0.014528210767041926,2938,-0.014747222955572568,3850,-0.014747222955572568
32,12,858,-0.013776883030454948,3250,-0.014731617673392074,858,-0.014450211469024667,2482,-0.014742030088431885,3250,-0.014742030088431885
26,12,702,-0.01343274128725826,2650,-0.014724844263764277,702,-0.014316646469615382,2026,-0.014735383347314359,2650,-0.014735383347314359
22,12,598,-0.013053928298285358,2250,-0.014719149508481553,598,-0.014165818943313657,1722,-0.014729815234357409,2250,-0.014729815234357409
18,12,494,-0.012445945583192812,1850,-0.014712041926268987,494,-0.013913383440301836,1418,-0.014722911081095826,1850,-0.014722911081095826
15,12,416,-0.011721633705551654,1550,-0.01470530542530317,416,-0.013593192771620678,1190,-0.014716436404939845,1550,-0.014716436404939845
12,12,338,-0.010590721448145494,1250,-0.01469653904863004,338,-0.013043342928239035,962,-0.01470818804965364,1250,-0.01470818804965364
10,12,286,-0.00947716370563327,1050,-0.014688636309175733,286,-0.012430718558837867,810,-0.014701043778187942,1050,-0.014701043778187942
8,12,234,-0.007946417602572475,850,-0.014677154242837576,234,-0.011443277916257912,658,-0.014691373551864726,850,-0.014691373551864726
7,12,208,-0.006991374306015736,750,-0.01466852572625055,208,-0.010719977367039763,582,-0.014684697871986428,750,-0.014684697871986428
6,12,182,-0.005904687154768432,650,-0.014655634413609281,182,-0.009769185818559662,506,-0.014675486376286757,650,-0.014675486376286757
5,12,156,-0.004703905699336698,550,-0.014633433461047679,156,-0.00851701407346389,430,-0.014660878265931725,550,-0.014660878265931725
4,12,130,-0.0034384380275243646,450,-0.014587437190743086,130,-0.006891631027627462,354,-0.014632145526731971,450,-0.014632145526731971
3,12,104,-0.002201799386823736,350,-0.01446769440688961,104,-0.004880299911633405,278,-0.014555412555259715,350,-0.014555412555259715
2,12,78,-0.0011336129846335628,250,-0.014046776094293133,78,-0.0026620752331759936,202,-0.01424559090176508,250,-0.01424559090176508
1,12,52,-0.00039795104700822057,150,-0.011418545333625107,52,-0.0007712825466565119,126,-0.011845233809862759,150,-0.011845233809862759
200,9,4020,-0.014341482958745095,15238,-0.014758610426703771,4020,-0.014722372455124635,11638,-0.014766565939675744,15238,-0.014766565939675744
166,9,3340,-0.014332164769343384,12654,-0.01475750553425213,3340,-0.01471857232177306,9666,-0.014764942724911027,12654,-0.014764942724911027
138,9,2780,-0.014318906958628693,10526,-0.014756119000084835,2780,-0.014713181293725857,8042,-0.014763147052850306,10526,-0.014763147052850306
115,9,2320,-0.01430022277147893,8778,-0.014754424588687668,2320,-0.014705624378703071,6708,-0.014761261506325448,8778,-0.014761261506325448
96,9,1940,-0.014273939530306413,7334,-0.014752386842911162,1940,-0.014695073635524839,5606,-0.014759331547809314,7334,-0.014759331547809314
80,9,1620,-0.014236311333647875,6118,-0.014749922560709323,1620,-0.014680106565264766,4678,-0.014757300383080185,6118,-0.014757300383080185
66,9,1340,-0.014179472063220594,5054,-0.014746824696406166,1340,-0.01465772577846692,3866,-0.014754926138671248,5054,-0.014754926138671248
55,9,1120,-0.014102645748754828,4218,-0.014743367102158648,1120,-0.014627750720514665,3228,-0.014752230624289866,4218,-0.014752230624289866
46,9,940,-0.01399695254400613,3534,-0.01473945608874618,940,-0.014586767901786634,2706,-0.014748963486205918,3534,-0.014748963486205918
38,9,780,-0.01383762019274572,2926,-0.014734705152912394,780,-0.014525087926734504,2242,-0.014744689385847316,2926,-0.014744689385847316
32,9,660,-0.013638426791819005,2470,-0.01472996321284922,660,-0.014447598288689611,1894,-0.014740205606045088,2470,-0.014740205606045088
26,9,540,-0.013301442230155574,2014,-0.014723714530603366,540,-0.014314520362638847,1546,-0.014734149783623257,2014,-0.014734149783623257
22,9,460,-0.012930130940673981,1710,-0.014718331652330885,460,-0.01416399837603625,1314,-0.014728900824162665,1710,-0.014728900824162665
18,9,380,-0.012333606962275432,1406,-0.014711494082988606,380,-0.013911851890547739,1082,-0.01472226172083941,1406,-0.01472226172083941
15,9,320,-0.011622153358904248,1178,-0.014704927938750634,320,-0.013591871225439138,908,-0.014715955867977217,1178,-0.014715955867977217
12,9,260,-0.010509715635556601,950,-0.01469630231354283,260,-0.013042236714161173,734,-0.014707853148302244,950,-0.014707853148302244
10,9,220,-0.009412486452910221,798,-0.01468847739577989,220,-0.012429770519218543,618,-0.014700791751960221,798,-0.014700791751960221
8,9,180,-0.007901190618359137,646,-0.014677061687225518,180,-0.011442515102429815,502,-0.014691188871473297,646,-0.014691188871473297
7,9,160,-0.0069565259966245865,570,-0.014668461907935701,160,-0.010719323099851246,444,-0.014684538286478449,570,-0.014684538286478449
6,9,140,-0.005880004309677571,494,-0.014655594781064239,140,-0.009768653287019601,386,-0.01467534251166459,494,-0.01467534251166459
5,9,120,-0.004688417388097083,418,-0.014633409155714974,120,-0.008516616054434944,328,-0.014660734876164845,418,-0.014660734876164845
4,9,100,-0.0034303201981049094,342,-0.014587408548826225,100,-0.006891372200101858,270,-0.01463196915837114,342,-0.01463196915837114
3,9,80,-0.0021985834853354867,266,-0.014467617852595475,80,-0.004880169798582819,212,-0.01455512802681968,266,-0.01455512802681968
2,9,60,-0.001132806384294388,190,-0.014046576714552889,60,-0.002662032193749509,154,-0.014244989234732424,190,-0.014244989234732424
1,9,40,-0.00039784133225882724,114,-0.011418251758673994,40,-0.0007712762653255461,96,-0.011844556840639548,114,-0.011844556840639548
200,7,3216,-0.014113854606372423,12030,-0.01475075362586975,3216,-0.014712539760504883,9230,-0.014759400532116964,12030,-0.014759400532116964
166,7,2672,-0.014105096111062285,9990,-0.014749973653594572,2672,-0.014709038532818637,7666,-0.014758108751858415,9990,-0.014758108751858415
138,7,2224,-0.014092596814101414,8310,-0.014748969601483294,2224,-0.014704038274419046,6378,-0.014756579447386505,8310,-0.014756579447386505
115,7,1856,-0.01407492174657171,6930,-0.014747709506688194,1856,-0.014696971956529201,5320,-0.014754866556294599,6930,-0.014754866556294599
96,7,1552,-0.014049965580601669,5790,-0.014746156510466266,1552,-0.014687013478816204,4446,-0.014753033648679307,5790,-0.014753033648679307
80,7,1296,-0.014014096020182037,4830,-0.014744240150941404,1296,-0.014672741531711473,3710,-0.014751106496579324,4830,-0.014751106496579324
66,7,1072,-0.013959691277833735,3990,-0.014741790961004702,1072,-0.014651170547898012,3066,-0.014749001649813177,3990,-0.014749001649813177
55,7,896,-0.013885877451377775,3330,-0.014739013625291307,896,-0.01462199303420238,2560,-0.014746846902834662,3330,-0.014746846902834662
46,7,752,-0.013784010230427954,2790,-0.014735810222812184,752,-0.014581775165703947,2146,-0.014744394343820293,2790,-0.014744394343820293
38,7,624,-0.013630049326765023,2310,-0.014731813703012502,624,-0.014520850967806628,1778,-0.01474115485007284,2310,-0.01474115485007284
32,7,528,-0.013437198346854575,1950,-0.014727699939393756,528,-0.01444396052347882,1502,-0.014737559546022334,1950,-0.014737559546022334
26,7,432,-0.013110419585292294,1590,-0.014722096528264186,432,-0.014311491136692034,1226,-0.014732357220952239,1590,-0.014732357220952239
22,7,368,-0.012749866347330335,1350,-0.014717126043781278,368,-0.01416137057275103,1042,-0.014727595265204995,1350,-0.014727595265204995
18,7,304,-0.012169830826598737,1110,-0.014710662821724674,304,-0.01390961862070595,858,-0.014721353445050876,1110,-0.014721353445050876
15,7,256,-0.011476930981138613,930,-0.014704339919420845,256,-0.013589933529553748,720,-0.014715288156759803,930,-0.014715288156759803
12,7,208,-0.010391230029009409,750,-0.014695916955662207,208,-0.013040608784912497,582,-0.014707384111672786,750,-0.014707384111672786
10,7,176,-0.009317709061371821,630,-0.014688202136051914,176,-0.012428373213683359,490,-0.014700433948927168,630,-0.014700433948927168
8,7,144,-0.007834757188403067,510,-0.014676875315714558,144,-0.011441389694187256,398,-0.014690922063435545,510,-0.014690922063435545
7,7,128,-0.006905268803008974,450,-0.01466831068105258,128,-0.010718357498997562,352,-0.014684305812066284,450,-0.014684305812066284
6,7,112,-0.005843652041572706,390,-0.014655469600521373,112,-0.009767867126955994,306,-0.01467513160698639,390,-0.01467513160698639
5,7,96,-0.00466558633639847,330,-0.014633294548058583,96,-0.008516028310683073,260,-0.01466052397799079,330,-0.01466052397799079
4,7,80,-0.003418360215929658,270,-0.014587274046072386,80,-0.006890989883350709,214,-0.01463170954225745,270,-0.01463170954225745
3,7,64,-0.0021938708309283657,210,-0.014467401166322233,64,-0.004879977504148023,168,-0.014554708391229555,210,-0.014554708391229555
2,7,48,-0.0011316549317665343,150,-0.014046178554623806,48,-0.0026619685129115715,122,-0.014244099437584402,150,-0.014244099437584402
1,7,32,-0.00039770412281224483,90,-0.011417745089674665,32,-0.0007712669298736784,76,-0.011843554316049595,90,-0.011843554316049595
200,6,2814,-0.01391400765218793,10426,-0.014745756084989202,2814,-0.014705894007961745,8026,-0.014754768250639469,10426,-0.014754768250639469
166,6,2338,-0.013905611419105972,8658,-0.014745134794580735,2338,-0.014702524315837412,6666,-0.014753690896536628,8658,-0.014753690896536628
138,6,1946,-0.013893615624555261,7202,-0.014744324568624727,1946,-0.01469770110718853,5546,-0.01475236671834243,7202,-0.01475236671834243
115,6,1624,-0.013876631103070735,6006,-0.014743291971636619,1624,-0.014690865494542482,4626,-0.014750821235040968,6006,-0.014750821235040968
96,6,1358,-0.013852615865479711,5018,-0.014741998469198074,1358,-0.014681198550708503,3866,-0.01474909968622044,5018,-0.01474909968622044
80,6,1134,-0.013818043873440308,4186,-0.014740377572535024,1134,-0.014667287869492377,3226,-0.014747234226568226,4186,-0.014747234226568226
66,6,938,-0.01376551426584664,3458,-0.014738278565180545,938,-0.014646165414167512,2666,-0.014745189375865513,3458,-0.014745189375865513
55,6,784,-0.013694116358129676,2886,-0.014735873840232061,784,-0.014617460888004008,2226,-0.01474317548196748,2886,-0.01474317548196748
46,6,658,-0.013595419219377652,2418,-0.014733074568195777,658,-0.014577728231396843,1866,-0.01474102452681498,2418,-0.01474102452681498
38,6,546,-0.013446019167227395,2002,-0.014729540281595442,546,-0.01451731652530875,1546,-0.014738307472788858,2002,-0.014738307472788858
32,6,462,-0.013258636617580663,1690,-0.014725844755099214,462,-0.014440857969094353,1306,-0.01473528590711084,1690,-0.01473528590711084
26,6,378,-0.012940738338406432,1378,-0.014720709455832943,378,-0.01430885260071059,1066,-0.0147307506716854,1378,-0.0147307506716854
22,6,322,-0.012589593424476388,1170,-0.01471606116304076,322,-0.014159053250086127,906,-0.014726419290175827,1170,-0.014726419290175827
18,6,266,-0.012024024050306927,962,-0.01470990681160559,266,-0.013907629272827298,746,-0.014720546340680353,962,-0.014720546340680353
15,6,224,-0.011347448141954968,806,-0.014703792610678541,224,-0.013588197692751035,626,-0.014714702941749208,806,-0.014714702941749208
12,6,182,-0.010285345387761678,650,-0.014695547084592179,182,-0.013039144782046656,506,-0.014706974987393675,650,-0.014706974987393675
10,6,154,-0.009232825085564535,546,-0.014687928575483565,154,-0.012427114514289994,426,-0.014700119939872197,546,-0.014700119939872197
8,6,126,-0.007775083614689885,442,-0.014676677223151366,126,-0.011440374821536859,346,-0.014690684921592038,442,-0.014690684921592038
7,6,112,-0.006859146460561478,390,-0.014668140599195769,112,-0.010717486400465472,306,-0.014684097741628752,390,-0.014684097741628752
6,6,98,-0.005810880500588296,338,-0.01465531810881487,98,-0.009767157679826902,266,-0.014674941830591,338,-0.014674941830591
5,6,84,-0.004644968259396632,286,-0.014633146425250716,84,-0.008515497754375063,226,-0.014660333780129287,286,-0.014660333780129287
4,6,70,-0.0034075489799159607,234,-0.014587101012503299,70,-0.006890644648094989,186,-0.01463147552508914,234,-0.01463147552508914
3,6,56,-0.0021896190978938296,182,-0.014467148004666336,56,-0.004879803752489681,146,-0.014554329757142328,182,-0.014554329757142328
2,6,42,-0.0011306316003344772,130,-0.014045761558199202,42,-0.0026619108959820845,106,-0.014243294625271918,130,-0.014243294625271918
1,6,28,-0.0003975929628101608,78,-0.011417246990942114,28,-0.0007712584394034386,66,-0.011842646303742243,78,-0.011842646303742243
200,5,2412,-0.013596751142357566,8822,-0.014739700813688866,2412,-0.014697278884180954,6822,-0.014749064128841133,8822,-0.014749064128841133
166,5,2004,-0.013588833761262404,7326,-0.014739230558733083,2004,-0.014694025952407134,5666,-0.014748224013844156,7326,-0.014748224013844156
138,5,1668,-0.013577512077928669,6094,-0.01473860996722505,1668,-0.014689362635144235,4714,-0.014747151523498274,6094,-0.014747151523498274
115,5,1392,-0.013561466132719704,5082,-0.014737806690440596,1392,-0.014682740169121834,3932,-0.014745842988621699,5082,-0.014745842988621699
96,5,1164,-0.013538752454431107,4246,-0.014736782001846561,1164,-0.014673350556491034,3286,-0.01474431325966061,4246,-0.01474431325966061
80,5,972,-0.013506011849424591,3542,-0.014735472955103425,972,-0.014659796354555379,2742,-0.014742575963268759,3542,-0.014742575963268759
66,5,804,-0.013456189522689569,2926,-0.014733745941039912,804,-0.01463913712905911,2266,-0.014740604985152013,2926,-0.014740604985152013
55,5,672,-0.013388359934481796,2442,-0.014731737027095822,672,-0.014610947255775268,1892,-0.0147386643391389,2442,-0.0147386643391389
46,5,564,-0.013294439965662349,2046,-0.014729371200523124,564,-0.014571772287453148,1586,-0.014736688922191371,2046,-0.014736688922191371
38,5,468,-0.01315202916014485,1694,-0.014726349600940618,468,-0.01451198477039196,1314,-0.014734376592360873,1694,-0.014734376592360873
32,5,396,-0.012973126305637177,1430,-0.014723144667885074,396,-0.0144360825136387,1110,-0.014731923915217097,1430,-0.014731923915217097
26,5,324,-0.012669109839549879,1166,-0.014718599740562837,324,-0.014304708358977248,906,-0.01472820869204208,1166,-0.01472820869204208
22,5,276,-0.012332744953368769,990,-0.014714388310239536,276,-0.014155367802710235,770,-0.014724501277684158,990,-0.014724501277684158
18,5,228,-0.011789980643688993,814,-0.014708679025963694,228,-0.013904431558462658,634,-0.01471922058592629,814,-0.01471922058592629
15,5,192,-0.011139222234295863,682,-0.014702880644210275,192,-0.013585390051701778,532,-0.014713750751406929,682,-0.014713750751406929
12,5,156,-0.010114583920155925,550,-0.014694912264399725,156,-0.013036766312450612,430,-0.014706316698729568,550,-0.014706316698729568
10,5,132,-0.00909555115207896,462,-0.014687445968303096,132,-0.012425065566408542,362,-0.014699614876022695,462,-0.014699614876022695
8,5,108,-0.007678214685114693,374,-0.014676312160841252,108,-0.01143872062291992,294,-0.014690300438447363,374,-0.014690300438447363
7,5,96,-0.006784102042685344,330,-0.014667817196287894,96,-0.010716065873310492,260,-0.014683758489936133,330,-0.014683758489936133
6,5,84,-0.005757422673275927,286,-0.014655019691527675,84,-0.00976600030230425,226,-0.014674631083357393,286,-0.014674631083357393
5,5,72,-0.004611247694363079,242,-0.014632846746144726,72,-0.00851463187983582,192,-0.014660022075294774,242,-0.014660022075294774
4,5,60,-0.0033898294038336527,198,-0.014586752981667117,60,-0.006890080974781521,158,-0.014631093009306019,198,-0.014631093009306019
3,5,48,-0.00218265039015078,154,-0.01446666254055817,48,-0.004879519836776793,124,-0.014553711185177511,154,-0.014553711185177511
2,5,36,-0.0011289707493979495,110,-0.014045008821862923,36,-0.0026618165849626955,90,-0.014241977277438093,110,-0.014241977277438093
1,5,24,-0.00039742549204266955,66,-0.011416382823605693,24,-0.0007712444482244963,56,-0.011841157938541201,66,-0.011841157938541201
200,3,1608,-0.012018514839972993,5614,-0.014721877906622109,1608,-0.014666686774971701,4414,-0.01473179961056141,5614,-0.01473179961056141
166,3,1336,-0.01201245912746139,4662,-0.014721665588568555,1336,-0.014663617138859214,3666,-0.014731436342327753,4662,-0.014731436342327753
138,3,1112,-0.012003790370201217,3878,-0.014721381464816016,1112,-0.014659210181976553,3050,-0.014730939444053657,3878,-0.014730939444053657
115,3,928,-0.011991489226704418,3234,-0.01472100490446956,928,-0.014652939437172347,2544,-0.014730277918544294,3234,-0.014730277918544294
96,3,776,-0.011974050905469347,2702,-0.014720508077805965,776,-0.014644025331770116,2126,-0.01472941839890609,2702,-0.01472941839890609
80,3,648,-0.011948869100609527,2254,-0.01471984526025793,648,-0.014631113935856754,1774,-0.014728314989956377,2254,-0.014728314989956377
66,3,536,-0.01191046042633722,1862,-0.014718924027762067,536,-0.014611347719016225,1466,-0.014726882083377536,1862,-0.014726882083377536
55,3,448,-0.01185802122607345,1554,-0.014717792898797667,448,-0.014584235008396625,1224,-0.014725288205076957,1554,-0.014725288205076957
46,3,376,-0.011785169487563953,1302,-0.01471639456166758,376,-0.014546342135612636,1026,-0.014723551074682288,1302,-0.014723551074682288
38,3,312,-0.011674250020909395,1078,-0.014714531324258031,312,-0.014488154441395115,850,-0.014721570319066115,1078,-0.014721570319066115
32,3,264,-0.01153424861858482,910,-0.014712483442150998,264,-0.014413851222067467,718,-0.014719717253837611,910,-0.014719717253837611
26,3,216,-0.011294903815475241,742,-0.014709465668947113,216,-0.014284529200578572,586,-0.014717339961617358,742,-0.014717339961617358
22,3,184,-0.011028230967773847,630,-0.014706538054887636,184,-0.014136868463019835,498,-0.01471517130572027,630,-0.01471517130572027
18,3,152,-0.01059414840873452,518,-0.014702334213959986,152,-0.013887919422492173,410,-0.01471197459312725,518,-0.01471197459312725
15,3,128,-0.010067819423774807,434,-0.014697764858648939,128,-0.013570627679322754,344,-0.0147082583154584,434,-0.0147082583154584
12,3,104,-0.009226282400519124,350,-0.014691010420662195,104,-0.013024084531956588,278,-0.014702468821549627,350,-0.014702468821549627
10,3,88,-0.008373644031896124,294,-0.014684265770500082,88,-0.012414067507446377,234,-0.014696673958709435,294,-0.014696673958709435
8,3,72,-0.007161022771166228,238,-0.014673701018608725,72,-0.011429799467653724,190,-0.014688056910060037,238,-0.014688056910060037
7,3,64,-0.006379596862165191,210,-0.014665398016445865,64,-0.010708391157148878,168,-0.014681769766364981,210,-0.014681769766364981
6,3,56,-0.0054661283680648275,182,-0.014652695468086082,56,-0.009759737527734458,146,-0.014672806846035922,182,-0.014672806846035922
5,3,48,-0.0044253153245614706,154,-0.01463046552806907,48,-0.00850993912750515,124,-0.014658209382508133,154,-0.014658209382508133
4,3,40,-0.003290978186244383,126,-0.014584051755041752,40,-0.006887020367879098,102,-0.014628924546669508,126,-0.014628924546669508
3,3,32,-0.002143459707524028,98,-0.014463165651035661,32,-0.00487797276305019,80,-0.014550273711069792,98,-0.014550273711069792
2,3,24,-0.0011197256103592614,70,-0.014040073787999395,24,-0.002661298612892198,58,-0.014234703313376798,70,-0.014234703313376798
1,3,16,-0.00039661851146301913,42,-0.01141108878986044,16,-0.0007711652713423679,36,-0.011832928067168935,42,-0.011832928067168935
200,2,1206,-0.009816937631950788,4010,-0.014705488016053614,1206,-0.014632989775892575,3210,-0.014715652965867614,4010,-0.014715652965867614
166,2,1002,-0.009812934624079905,3330,-0.014705369048326637,1002,-0.014629986312751222,2666,-0.014715482876223792,3330,-0.014715482876223792
138,2,834,-0.009807205358104873,2770,-0.014705210604141657,834,-0.01462567350069623,2218,-0.014715244100190535,2770,-0.014715244100190535
115,2,696,-0.009799075166485732,2310,-0.014705000515955533,696,-0.014619535007870861,1850,-0.014714914859754938,2310,-0.014714914859754938
96,2,582,-0.009787546504112768,1930,-0.014704721465315864,582,-0.014610805547827071,1546,-0.014714466791924247,1930,-0.014714466791924247
80,2,486,-0.009770888921645004,1610,-0.014704343912516845,486,-0.014598154887305518,1290,-0.014713855854060029,1610,-0.014713855854060029
66,2,402,-0.00974545608368365,1330,-0.014703806813624406,402,-0.01457877333272342,1066,-0.014712997611891864,1330,-0.014712997611891864
55,2,336,-0.00971067864161651,1110,-0.014703125913125283,336,-0.014552161959308006,890,-0.014711948547566557,1110,-0.014711948547566557
46,2,282,-0.009662256934748698,930,-0.014702251476278709,282,-0.014514924171395856,746,-0.014710681481679559,930,-0.014710681481679559
38,2,234,-0.009588293058155261,770,-0.014701034628470045,234,-0.014457653571660182,618,-0.014709073623936333,770,-0.014709073623936333
32,2,198,-0.009494525048474218,650,-0.014699639820948388,198,-0.014384392852343605,522,-0.014707434959762603,650,-0.014707434959762603
26,2,162,-0.009333168210526958,530,-0.01469750182031898,162,-0.01425662303129537,426,-0.014705267139304201,530,-0.014705267139304201
22,2,138,-0.009151840069496243,450,-0.014695358414900146,138,-0.01411044003007293,362,-0.014703393708701579,450,-0.014703393708701579
18,2,114,-0.00885320918763726,370,-0.014692181982899915,114,-0.01386351311358933,298,-0.014700932876744935,370,-0.014700932876744935
15,2,96,-0.008485328858941692,310,-0.01468859226901056,96,-0.013548264711585366,250,-0.014698336873011152,310,-0.014698336873011152
12,2,78,-0.007883725898911434,250,-0.014682992180567242,78,-0.013004457319767529,202,-0.014694321095433584,250,-0.014694321095433584
10,2,66,-0.007256858143943115,210,-0.014677051039335406,66,-0.012396850417242948,170,-0.014689985734447379,210,-0.014689985734447379
8,2,54,-0.006333907270522763,170,-0.014667188630917403,54,-0.011415709823213488,138,-0.014682786928951232,170,-0.014682786928951232
7,2,48,-0.0057186634645173505,150,-0.014659129202851975,48,-0.010696226310155781,122,-0.014677072907899264,150,-0.014677072907899264
6,2,42,-0.004978076592855789,130,-0.014646531363665664,42,-0.009749776415180893,106,-0.014668509884517842,130,-0.014668509884517842
5,2,36,-0.004104789147352272,110,-0.014624173053266203,36,-0.008502447464753886,90,-0.014654033071808525,110,-0.014654033071808525
4,2,30,-0.0031152971957527473,90,-0.014577220582003643,30,-0.006882109555648425,74,-0.014624283289614112,90,-0.014624283289614112
3,2,24,-0.0020718145979645715,70,-0.014455062913370764,24,-0.004875464172462649,58,-0.01454367659668681,70,-0.01454367659668681
2,2,18,-0.0011026372409230624,50,-0.014029789343840398,18,-0.0026604377018439106,42,-0.014222017075793309,50,-0.014222017075793309
1,2,12,-0.0003953068080217364,30,-0.011400937169732783,12,-0.0007710215935557246,26,-0.01181892322092886,30,-0.01181892322092886
200,1,804,-0.005009359416643959,2406,-0.014641120756244668,804,-0.01461382702310991,2006,-0.014651853850967156,2406,-0.014651853850967156
166,1,668,-0.0050083263602962525,1998,-0.014641060262935851,668,-0.014610855081242791,1666,-0.014651817733620962,1998,-0.014651817733620962
138,1,556,-0.005006855313840113,1662,-0.014640981148849909,556,-0.014606587345851709,1386,-0.014651766207852811,1662,-0.014651766207852811
115,1,464,-0.005004775969041438,1386,-0.014640877702709668,464,-0.014600512629103233,1156,-0.014651693540238077,1386,-0.014651693540238077
96,1,388,-0.0050018357444769354,1158,-0.014640741461299754,388,-0.014591873103440262,966,-0.014651591519626929,1158,-0.014651591519626929
80,1,324,-0.004997594864775497,966,-0.014640557419576084,324,-0.014579351218945415,806,-0.014651446357281474,966,-0.014651446357281474
66,1,268,-0.0049911235108690225,798,-0.014640293614352793,268,-0.014560163475336502,666,-0.01465122987544694,798,-0.01465122987544694
55,1,224,-0.004982266547310581,666,-0.014639952807229623,224,-0.014533811599561136,556,-0.01465094366356506,666,-0.01465094366356506
46,1,188,-0.004969902917727807,558,-0.014639501330361761,188,-0.014496924735942258,466,-0.0146505629671238,558,-0.0146505629671238
38,1,156,-0.004950923904028228,462,-0.014638843043289145,156,-0.014440168028823122,386,-0.014650017855971663,462,-0.014650017855971663
32,1,132,-0.004926677361670252,390,-0.014638042013882498,132,-0.014367523251261673,326,-0.014649382163359927,390,-0.014649382163359927
26,1,108,-0.0048844250639986445,318,-0.014636715603675646,108,-0.014240730795030089,266,-0.014648407037259026,318,-0.014648407037259026
22,1,92,-0.004836099197190587,270,-0.014635270566643502,92,-0.014095538966325582,226,-0.01464744943706682,270,-0.01464744943706682
18,1,76,-0.004754459517424496,222,-0.014632940104059803,76,-0.013850042671003732,186,-0.014646089221076849,222,-0.014646089221076849
15,1,64,-0.004650181694000805,186,-0.01463008192895786,64,-0.013536285244877969,156,-0.014644624300988715,186,-0.014644624300988715
12,1,52,-0.004470150892073315,150,-0.014625263657392645,52,-0.01299444444444728,126,-0.014642355314759832,150,-0.014642355314759832
10,1,44,-0.00426878981155529,126,-0.014619801349775587,44,-0.012388445676087313,106,-0.014639761089986039,126,-0.014639761089986039
8,1,36,-0.003943236308148344,102,-0.014610216290368185,36,-0.0114091247520599,86,-0.014634864732024319,102,-0.014634864732024319
7,1,32,-0.0037042228812473833,90,-0.014602120291595857,32,-0.01069060165863375,76,-0.01463049801385575,90,-0.01463049801385575
6,1,28,-0.0033894810460549218,78,-0.014589298547150775,28,-0.009745118446338167,66,-0.014623412850460626,78,-0.014623412850460626
5,1,24,-0.0029741458665057522,66,-0.014566517876387523,24,-0.008498734924552755,56,-0.014610580435863378,66,-0.014610580435863378
4,1,20,-0.0024337533575241634,54,-0.014519107668018246,20,-0.006879292019789671,46,-0.014582805762020088,54,-0.014582805762020088
3,1,16,-0.0017633035674429881,42,-0.014397115524095847,16,-0.0048734681781141,36,-0.014504568978211023,42,-0.014504568978211023
2,1,12,-0.0010219694195780793,30,-0.013974760578827143,12,-0.0026591887281589887,26,-0.014186638250028184,30,-0.014186638250028184
1,1,8,-0.0003894775301424895,18,-0.011362121517262114,8,-0.0007704971771990782,16,-0.011788829321094194,18,-0.011788829321094194
